source_path,destination_path,role,source_sha256,destination_sha256,copy_refactor_status,notes
,.gitattributes,release/interface/documentation/test,,0dc65dbb6efac2fef2fc97ce6e94fbec76a902a98423efd51d044845a0477bb0,new,New target-only packaging file; no archived source copied.
,.github/ISSUE_TEMPLATE/bug_report.yml,release/interface/documentation/test,,620025bd083b595edc5b30dd709d6d5cee1f72325c7db280ffbd9ab4ec79404e,new,New target-only packaging file; no archived source copied.
,.github/pull_request_template.md,release/interface/documentation/test,,0885256a9dc7ac01aaedd51feaa439ecc1ef7d6bf59b5ddf98da72a25d1ca582,new,New target-only packaging file; no archived source copied.
,.github/workflows/ci.yml,release/interface/documentation/test,,36285edab01ae375c307249a65d8debe0b5fe0223c4503590d27b09d6efab7ff,new,New target-only packaging file; no archived source copied.
,.gitignore,release/interface/documentation/test,,5040f8f6c563e4c1350764ac2cd8ba073c47f35544aca918cbebb209e8a32023,new,New target-only packaging file; no archived source copied.
,CITATION.cff,release/interface/documentation/test,,5f7b9fe4e5e9e5e3d361b31db02a3f8a081e9f6aa2a1e1d9e83fab0bd57afb4f,new,"Set the supplied software title, two authors, University of Virginia affiliations, version and MIT license; omit unavailable identifiers."
,CONTRIBUTING.md,release/interface/documentation/test,,03708e8b6f86f86e46309234e22aca9a618a67cc8a6b9c1e18bbd8dd185ccd96,new,Replace provisional authorship text and distinguish authorship from copyright ownership.
,LICENSE,release/interface/documentation/test,,e287f516d2b6637001e1e8b3282b15ee01de513a9c37b6587a444697de4c8427,new,New target-only packaging file; no archived source copied.
,README.md,release/interface/documentation/test,,556980a82eafcb58417c0d2a9d454bfb910ee10951ee29f76f72b3d9cf1335b0,new,"Adopt the requested identity and synthetic-testbed paragraph, correct accounting terminology, describe the post-processing workflow and verified authors."
data_processed/final_case_v0_1/restoration_env/rl_experiments_v0/configs/v0_3_harmonized_bcr_and_annual_community_figures_v1_config.yaml,configs/economics/benefit_cost.yaml,configuration,367d15e1e4d090fca7ab1bdca7fa49305e40056a92acacd3655cc8449ae7508c,8a2dd2e8c7be426f8896874b5030a470dfc9d229f7e7e597cb6699d31d00951e,curated,"Copied before curation. Publication refinement: Replace unused apparent assumptions with active source selectors, explicit financial/environmental controls and four required ledger paths."
data_processed/final_case_v0_1/restoration_env/rl_experiments_v0/configs/v0_3_stage1_stage2_source_based_benefit_cost_analysis_v1_config.yaml,configs/economics/community.yaml,configuration,52c7f623cf762e75b043ec086737672fa44db1a970ce7a5cfdcc572422d69722,296a1279592cd9b64ad1d464024cac03fbd591c0d6e18578f38214b16ac5264b,curated,Copied before curation. Publication refinement: Use current resource labels while retaining numerical source parameters.
data_processed/final_case_v0_1/restoration_env/rl_experiments_v0/configs/v0_3_incremental_export_enablement_benefit_cost_revision_v1_config.yaml,configs/economics/enablement.yaml,configuration,b2d0d5e3ae8aab3e570151da126249f15a7ce6af2da881e6219e2dc41d26d548,d272f1fea18cdfe979076a10427ea1cbdaef55558207930aca15f7cfad422e76,curated,Copied before curation. Publication refinement: Use current resource and assessment descriptions while retaining numerical source parameters and serialized section keys.
data_processed/final_case_v0_1/restoration_env/rl_experiments_v0/configs/v0_3_stage1_duration_dependent_and_fema_benefit_cost_analysis_v1_config.yaml,configs/economics/interruption_damage.yaml,configuration,7692279335291de9715cae60871f7ef8eb3c94a652dd8161e02024c4b5a0c860,73b57041c93b507051a6ed6681f72d2c855927009a227536e5be2e07cf3f9fbe,refactored,"Copied before editing. Retained sections: price_year, inflation, duration_dependent_valuation. Numerical values preserved; public labels and paths updated."
data_processed/final_case_v0_1/restoration_env/rl_experiments_v0/configs/v0_3_representative_event_node_level_benefit_revision_v1_config.yaml,configs/economics/load_classes.yaml,configuration,61c7034f2339f4dc65962be6307e6f74b09ded9bb99d38805aac6850d3628818,f22a6d578559cba645dfb28f0041cf2e431961fe37be9312602245ece76ed330,refactored,Copied before editing. Retained sections: commercial_size_classes. Numerical values preserved; public labels and paths updated.
data_processed/final_case_v0_1/restoration_env/rl_experiments_v0/configs/v0_3_harmonized_source_valuation_paper_results_v1_config.yaml,configs/evaluation/bounded_ga.yaml,configuration,80db28232ae0d79eec0fdb9d85fa90016f9e32b1aaf6e8e96142af8ea8b5bf5e,e3530db20982fe164c26615226fadce5ebbaa5bf090406d4cf97b37dcab292ee,refactored,"Copied before editing. Retained sections: random_seed, valuation, runtime. Numerical values preserved; public labels and paths updated."
,configs/evaluation/figures.yaml,release/interface/documentation/test,,335a4f3bf3f89590735975fc429a9e9d2c364129955ec54ba6785ff95dce4554,new,Point policy figures at the new consolidated analysis directory.
data_processed/final_case_v0_1/restoration_env/rl_experiments_v0/configs/v0_3_harmonized_selected_true_gnn_a2c_paper_refresh_v1_config.yaml,configs/evaluation/paper.yaml,configuration,7a052021afbd90ed3e7fa1ba2677b0b57506df805a5863aa2fcab92467090889,a94ff9a981eeb615892c199c6ab3a722dc0bd96c7cc2744b4e702e5afe35a109,curated,"Copied before curation. Publication refinement: Use canonical policy labels in public configuration values; preserve seeds, resource codes and selection parameters."
,configs/evaluation/severity.yaml,release/interface/documentation/test,,59a05f3e385168b49f681f49c7e037ea55d77e8a1fac01853f83cc64785d8003,new,New target-only packaging file; no archived source copied.
data_processed/final_case_v0_1/hurricane_module/hurricane_config.yaml,configs/hazards/hurricane.yaml,configuration,2740a3f9397244246e6f3d5f64e4595a78f74ead17f9084a96f3e7daef27c6d7,e3f014f9a7f5ba4180330eaa453d4742ec390d9e951fe67bf338d83b96d88395,refactored,Copied before editing. Retained sections: all. Numerical values preserved; public labels and paths updated.
,configs/policies/cnn_a2c.yaml,release/interface/documentation/test,,bccbde80f0eaac50f1ec9710f3d4e4093d7b7b169f7046fd15da53bcea45a031,new,New target-only packaging file; no archived source copied.
,configs/policies/graphbc.yaml,release/interface/documentation/test,,8e68daefd0d4420092906e7d60379b2cce9f46f4a12d415626276f17a484ea24,new,New target-only packaging file; no archived source copied.
,configs/policies/graphrl_a2c.yaml,release/interface/documentation/test,,202e9bdaaf471c5875b7fc4baeb5e8564a7b8f59692ed9ffe75cc6ecd6ac464e,new,New target-only packaging file; no archived source copied.
,configs/policies/graphrl_ppo.yaml,release/interface/documentation/test,,cb15b03d98fa30e7fbca3b80002c9faa2e5fec7882f8b0972ee9c2f7755efa23,new,New target-only packaging file; no archived source copied.
,configs/policies/greedy.yaml,release/interface/documentation/test,,09ce71eb21f9ec063860d39949e3ec398507dfaae99774490a5ae7836e3e6175,new,New target-only packaging file; no archived source copied.
,configs/policies/mlp_a2c.yaml,release/interface/documentation/test,,cd94bad173134eb3b48ffcc2373cdea1fe50900e459ed66a993400b253724ef5,new,New target-only packaging file; no archived source copied.
,configs/policies/random_top_k.yaml,release/interface/documentation/test,,567a885cb2d76ca93128eae08937abe66aec4373a9f12da4f6e4d07e0d417229,new,New target-only packaging file; no archived source copied.
data_processed/final_case_v0_1/restoration_env/rl_experiments_v0/configs/v0_3_harmonized_objective_fair_retraining_v1_config.yaml,configs/policies/training.yaml,configuration,3786b1e6555f98787476c66aa3064b7652930624a5441ff90a7d8b2f4ef5fe0d,bc27644566caeb0da750ea100ada0293135e0221a3a12a2e1d8fd10881ed1dc2,curated,Copied before curation. Publication refinement: Record the unchanged fixed-priority compatibility mode explicitly.
data_processed/final_case_v0_1/restoration_env/rl_experiments_v0/configs/v0_3_harmonized_selected_true_gnn_a2c_paper_refresh_v1_config.yaml,configs/restoration/anchors.yaml,configuration,7a052021afbd90ed3e7fa1ba2677b0b57506df805a5863aa2fcab92467090889,fc738a403a863e5339c45291f3cf68d2f819fda81a44b2c10673109dc3fa5941,curated,Copied before curation. Publication refinement: Record the same fixed-priority controller mode alongside the final resource specification.
case_config.yaml,configs/testbed/base.yaml,configuration,86182607d74c96b75ed905d961fc4e384d34b1660d674ab5eaec9efbc4a32cc1,b9218a6c804726700379d6a0adffb49d5d03afd422ed1a402459bc03201729d8,curated,"Copied before curation. Publication refinement: Replace geographic case-identity wording; preserve acquisition identifiers, coordinates and numerical values."
data_processed/final_case_v0_1/restoration_env/rl_experiments_v0/configs/benchmark_hard_case_v0_3_design_config.yaml,configs/testbed/benchmark.yaml,configuration,db8f20e60bff69383af946e29bf82172900f9dfd1d0d39a7d9318c9d79640fef,9eaeda8d9e6101ecee7a7c24a81f653f60e9b7cd092115df24131d2b33fc277b,refactored,"Copied before editing. Retained sections: experiment_name, random_seed, paths, selected_candidate, geography, network_targets, scenarios, restoration_env. Numerical values preserved; public labels and paths updated."
,data/README.md,release/interface/documentation/test,,d16b16ebd0640ddad11c301c44dc0f7458cd05358df722e5daa48c456dca467c,new,"Specify the active accounting and evaluation schemas, legacy fields, source lineage and redistribution boundary."
,docs/architecture.md,release/interface/documentation/test,,fbcf33ed4d6bd1bfb1cdb3e0943edd89fc147a564f2b98c9597e1a8e80c7336a,new,Include validated analysis tables and distinguish preserved restoration logic from intentional accounting corrections.
,docs/configuration.md,release/interface/documentation/test,,1a586f734a724dd0f57a0490a36015588a77160feed757703b170a84686dc609,new,"Document every active benefit-cost key, selectors, environmental boundaries, CRF and allocation compatibility mode."
,docs/data_provenance.md,release/interface/documentation/test,,1c6334e8b07d766c76409c1170d10b1537436ba446d81831b353e21f08152657,new,"Describe a curated derived release, intentional semantic corrections and inherited geographic identifiers."
outputs/intro_dc_hurricane_map_v3_paper_style/README.md,docs/intro_map_reproduction.md,introductory spatial map workflow,55cd8fd4ffb6135514f2c69f8e1adee48ff0b671a014463efd42f18b57899c9c,24f73ddd22212aabe8e2e4caec63adcac6000c0c71fc0ba542df921341582ec3,refactored,"New guide written using the version-3 README as source material; source hash records that reference. Documents package commands, interpretation, provenance and redistribution limits."
outputs/intro_dc_hurricane_map_v3_paper_style/sources.bib,docs/intro_map_sources.bib,introductory spatial map workflow,30526f6eed75c3db63c45a3ed4778d46c9c77a24fb6ab608581abb13b5bfa676,30526f6eed75c3db63c45a3ed4778d46c9c77a24fb6ab608581abb13b5bfa676,copied,Version-3 source copied before adaptation; original source hash retained. Attribution/provenance metadata only; LF-normalized destination.
,docs/methods.md,release/interface/documentation/test,,ea21f7be8814d24c7263c451668a100eb898236392b149161bb788d14ff4e11a,new,Describe the lifecycle and local-incidence cost boundaries and separate climate reporting.
,docs/model_scope.md,release/interface/documentation/test,,9811d68331a17fa81da83dbebbbe7691b67e847668b3edc053490cbab5cea48c,new,"State fixed within-class priority and the assumed available, islandable support paths and excluded damage classes."
,docs/provenance/controller_trace.md,release/interface/documentation/test,,67c22907498065afafe20b0e87c93d6a04e01ad9c332bb54740a6c74f2aab82b,new,"Trace final trajectory allocation, document exact legacy ordering and SI mismatch, and explain why no new dispatch rule is invented."
,docs/provenance/dependency_audit.md,release/interface/documentation/test,,727c0099c59fe6813de919405481efee3524152289ae4c55bd551a4f825d6959,new,"Confirm the unchanged dependencies in the reinstalled, renamed isolated distribution."
,docs/provenance/figure_input_paths.md,release/interface/documentation/test,,1c8d6f584ba48c72640015c438354b545ec51a54c1d98f07ef287968331fb0b3,new,Describe consolidated table families and the independent benefit-cost export contracts.
,docs/provenance/numerical_literal_audit.csv,release/interface/documentation/test,,8faa94a3b8d29d32d8aa4bd97f5f311d1a51ad4a779394f53961ea8f20e1a938,new,Refresh the source comparison and explicitly distinguish reviewed accounting changes from unchanged numerical literals.
,docs/provenance/packaging_validation.md,release/interface/documentation/test,,7cccab5325dd7004e94b43df11ccbb2b032d211f38f0ea26495134843b915aa2,new,"Replace obsolete initial-stage claims with current checks, semantic changes, cleanup and the single copyright blocker."
,docs/provenance/release_refinements.md,release/interface/documentation/test,,dde8dc788199f72eb262cdba4544ae2833da925a556df8a9c91a3b3717b34a82,new,"Catalogue every changed/new candidate file, scientific consequences, evidence and remaining release decisions."
,docs/reproduction.md,release/interface/documentation/test,,4a0577b64a0a93dfa80b8002a3551b5c2f76b253065aba9eb940cc94726a0b43,new,"Provide executable evaluation-to-analysis-to-accounting-to-figures commands, cohort rules, required external artifacts and rerun implications."
,pyproject.toml,release/interface/documentation/test,,7c06d04c8dfb535098a25570d5390d523d010a13164b739e350136c6d9468ff5,new,Set the intended distribution name and exact repository description; preserve dc_restoration imports and dependencies.
,requirements-lock.txt,release/interface/documentation/test,,4733f008a6d88bc4ced718c1ef5ddf3261b31d558a1aa0ecb54bf755e18d452e,new,New target-only packaging file; no archived source copied.
outputs/intro_dc_hurricane_map_v3_paper_style/requirements.txt,requirements-mapping-lock.txt,introductory spatial map workflow,045039873f7dba0cc602966ba0f727221f908feb704f72e5e584fa845c3e4b9b,bf85b1ef34bb4b63dbc4f0923b6c035cda28f0627edaac02cc85543ef0307987,refactored,New mapping lock verified against the isolated package environment; source requirements were inspected as a reference. Existing base pins retained; mapping additions verified with a wheel build and real cached map run.
,scripts/evaluate.py,release/interface/documentation/test,,6234b808ca9e78c5e073c259d22c31f006e200bb54186a00f24610629d677a63,new,New target-only packaging file; no archived source copied.
,scripts/fetch_intro_map_sources.py,introductory spatial map workflow,,6588ee66401945fd8a4df9c72ef715a78df8904c60cbc9398342315797edf20a,new,"New target-only mapping interface, configuration or synthetic offline tests; no research data included."
,scripts/generate_figures.py,release/interface/documentation/test,,97e7ebe388ddc8ffe47394f59bc87d78c5e9181e7cf9cecd44cba20673455b52,new,New target-only packaging file; no archived source copied.
,scripts/generate_intro_map.py,introductory spatial map workflow,,8eac481515d9dafca3265f50cded039373f4e4db74a75b64c07e5b032a3b8aec,new,"New target-only mapping interface, configuration or synthetic offline tests; no research data included."
,scripts/prepare_analysis_tables.py,release/interface/documentation/test,,d1741ed5d525958878810b245c876d39bb4cfded62683c9dc0de085269ffc3da,new,"Add the stable post-processing entry point without simulation, training or search."
,scripts/prepare_inputs.py,release/interface/documentation/test,,d1587615cbe087194d55a5a23f69a572054b1a32f8c22397115e5d89d403cc2b,new,New target-only packaging file; no archived source copied.
,scripts/prepare_intro_map.py,introductory spatial map workflow,,578536f4222bf68c5c9ac963381b3572de1eb86fdcc6652691e7bf8becdae67c,new,"New target-only mapping interface, configuration or synthetic offline tests; no research data included."
,scripts/run_benefit_cost.py,release/interface/documentation/test,,e6d87946b797eb7f3b31806ddf7de4671b6a10ac0caefe275b3a4143dbeccc9d,new,New target-only packaging file; no archived source copied.
,scripts/run_bounded_ga.py,release/interface/documentation/test,,44f6b84ece620c494e0157710c56f989ef60cab39f776597b1d9c57f57ce0647,new,New target-only packaging file; no archived source copied.
,scripts/train.py,release/interface/documentation/test,,ac320b395d762d53f6b9f031496916627ba2ce9e420fcc6f6b571ea0fb73bdc9,new,New target-only packaging file; no archived source copied.
,scripts/validate_installation.py,release/interface/documentation/test,,1ba3e1ee492989d4423802d496a7d764a3511404fce4d2185f63c1fd3d016445,new,New target-only packaging file; no archived source copied.
,src/dc_restoration/__init__.py,release/interface/documentation/test,,835558f7ec870d59d9fe11a6614517576113485472b7eeb70008fe61c3ca2697,new,New target-only packaging file; no archived source copied.
,src/dc_restoration/anchors/__init__.py,release/interface/documentation/test,,b7bc7d8d5b5a6cdd79e2103fffa1f8c2468351d2ea00ed2282685d9b0e25bc93,new,New target-only packaging file; no archived source copied.
data_processed/final_case_v0_1/restoration_env/rl_experiments_v0/src_gnn/v0_3_dc_resource_realism_sensitivity_audit_v1.py,src/dc_restoration/anchors/controller.py,anchors,e3f57c83bcb7e3315e66c3fb71944c32b28e35c34e012e44f16f56dca4753908,a88a2c56c2a737fd4ad08ea0944a35b91254f52f1a0c90cdc2daea811034edf6,curated,Copied before curation. Publication refinement: Name and validate the existing compatibility mode and update resource descriptions; preserve sorting and cap/depletion equations.
,src/dc_restoration/anchors/priority.py,release/interface/documentation/test,,bdc4155f5458c13d370f6f4453f14acc895115f9c6ddd7c78cccf9a14c8217a7,new,Define the single supported fixed-priority compatibility mode and reject undefined dispatch rules.
,src/dc_restoration/cli.py,release/interface/documentation/test,,b808efe8ba6dedb6e2336ee12f34e5a283702e74249a2b9e946990307585e863,new,Dispatch authoritative accounting and analysis tables; expose new figure selectors; emit canonical labels and explicit controller/depletion metadata.
,src/dc_restoration/configuration.py,release/interface/documentation/test,,4a34f7c56b99f237a7728f2b81d3aa83eb3fcf597eb97f8776d3dd375a347e8d,new,New target-only packaging file; no archived source copied.
,src/dc_restoration/economics/__init__.py,release/interface/documentation/test,,319ccb4a71f0201a845420ea6fab43ddaae0f253f7b1a5dfdc0e8abe74d55770,new,New target-only packaging file; no archived source copied.
data_processed/final_case_v0_1/restoration_env/rl_experiments_v0/scripts_gnn/256_generate_v0_3_harmonized_bcr_and_annual_community_figures.py,src/dc_restoration/economics/benefit_cost.py,economics,d0d5944d9a3ed15febc7fe2e0e00f8a61d0478050fcad18744464de77ac313fd,85a99606fa502cbbf70a4637db1613bb0ebe3bc452c59d5cc0f4ba00b2e16842,curated,"Copied before curation. Publication refinement: Exclude climate from primary local burden and annual comparisons, preserve climate ledgers, compute CRF and O&M/share charges from strict YAML, validate source selections, rename figure pathways and use a headless backend."
data_processed/final_case_v0_1/restoration_env/rl_experiments_v0/src_gnn/v0_3_stage1_stage2_source_based_benefit_cost.py,src/dc_restoration/economics/community.py,economics,4c3d37e94bb0c6dcc6e4a7bf3b16f5e68702c410cd0a7468046f39367265498f,9f7934066a4f075cb567541dcc3ab9f7cbb814f9e68cf3272575b0d6484d92d8,refactored,"Copied before extraction/editing; imports, paths, labels and formatting adjusted. Retained definitions: _capital_recovery_factor, _annual_rate_path, _fiscal_summary"
data_processed/final_case_v0_1/restoration_env/rl_experiments_v0/src_gnn/v0_3_stage1_duration_dependent_and_fema_benefit_cost.py,src/dc_restoration/economics/duration_damage.py,economics,c88e14880f4428ec2dd416a23403524e50bbc278f82df29f846836f379421530,9d8c754d74737675df5917dd3493d546ca9ea7a38eb83f35a1eabe960c7d4708,refactored,"Copied before extraction/editing; imports, paths, labels and formatting adjusted. Retained definitions: _inflate, _loglog_multiplier, _cdf_per_interrupted_kw, _valuation_parameters"
data_processed/final_case_v0_1/restoration_env/rl_experiments_v0/src_gnn/v0_3_incremental_export_enablement_benefit_cost_revision.py,src/dc_restoration/economics/enablement.py,economics,86d2d3dfa1a3669be2ffc731d9e40e9a600afb7a5e9b41c00740e32c8a8aac60,d0c682a3d6a49088b0cb166a7aa15557325351756f88528ff2da1dd8e6888354,curated,Copied before curation. Publication refinement: Apply the same climate boundary to the source-incidence helper and retain the broader-societal climate column; update public assessment labels.
data_processed/final_case_v0_1/restoration_env/rl_experiments_v0/src_gnn/v0_3_unified_interruption_valuation_alignment_audit.py,src/dc_restoration/economics/interruption_damage.py,economics,749f3ffe26aacfe62b3d0bb5e8c182667e131e8b414ccbb0cd1cd465917b89da,498b445e12156c4fffb2fe0da7146fe76ff9c03f321b8642ad082878c9f21665,refactored,"Copied before extraction/editing; imports, paths, labels and formatting adjusted. Retained definitions: HarmonizedValuator, _state_unserved_kw, _accrue"
data_processed/final_case_v0_1/restoration_env/rl_experiments_v0/src_gnn/v0_3_representative_event_node_level_benefit_revision.py,src/dc_restoration/economics/load_accounting.py,economics,206f61231d209297772d3f428b942c2e7f76da0ee15c3585a988159b6c287d1e,5d436ce8525d3b9b7561239629382060a289334537721ffb71a231adbbd36e9b,curated,Copied before curation. Publication refinement: Validate and document the fixed-priority mode without changing the allocation tuple or numerical rules.
,src/dc_restoration/evaluation/__init__.py,release/interface/documentation/test,,3c04c50f690e74dc01e647f9f588f339dc73f0b24de58c2431c0f3d090caef20,new,New target-only packaging file; no archived source copied.
,src/dc_restoration/evaluation/analysis_tables.py,release/interface/documentation/test,,7deeeba116e60fd95866f40d5e3c9cf5f5d635de6592ec5d30765a12d0204b0c,new,"Validate explicit run directories, frozen scenario pairs, trajectories and cohort deduplication; construct all table families consumed by BCR and policy figures."
data_processed/final_case_v0_1/restoration_env/rl_experiments_v0/src_gnn/v0_3_harmonized_source_valuation_paper_results.py,src/dc_restoration/evaluation/bounded_ga.py,evaluation,e19a7411f44101a4c3c42a988a22b41779fa4151537a25098dc4772ec001ec46,a50c0f6a5e7e34fd93809525f8bab7083b8ddd3a32dcb3808df90016cacf99df,curated,Copied before curation. Publication refinement: Use the current Greedy and Bounded GA labels in user-facing output; preserve search logic and budgets.
data_processed/final_case_v0_1/restoration_env/rl_experiments_v0/src_gnn/v0_3_harmonized_selected_true_gnn_a2c_paper_refresh_v1.py,src/dc_restoration/evaluation/statistics.py,evaluation statistics,49a8119ce3f5031695a96313e2afafa2b589c0df8e2f33c248df4154b4fc5dec,bfe81dca4db1e04611c8412aaf4a1a09d10c1dd5ccbde1e8b754ff9a8d7a6809,curated,"Copied before curation. Publication refinement: Copy the source before extracting three archived summary formulas; retain numerical formulas, bootstrap logic and source hash."
data_processed/final_case_v0_1/restoration_env/rl_experiments_v0/src_gnn/v0_3_harmonized_selected_true_gnn_a2c_paper_refresh_v1.py,src/dc_restoration/evaluation/trajectories.py,evaluation,49a8119ce3f5031695a96313e2afafa2b589c0df8e2f33c248df4154b4fc5dec,e48fe994fa550568962057bf936beb2ba21bdbec0b66fbad0715b57edd864f37,curated,Copied before curation. Publication refinement: Display E12 and E24 consistently; preserve trajectory and support calculations.
data_processed/final_case_v0_1/hurricane_module/src/__init__.py,src/dc_restoration/hazards/__init__.py,hazards,fdb3ce76ae326ff6c85e2ba96506472f5e7fd3c445236f3e9680e27d34c69361,fdb3ce76ae326ff6c85e2ba96506472f5e7fd3c445236f3e9680e27d34c69361,copied,"Copied before extraction/editing; imports, paths, labels and formatting adjusted. Retained definitions: "
data_processed/final_case_v0_1/hurricane_module/src/damage_realization.py,src/dc_restoration/hazards/damage_realization.py,hazards,d339cc8fd082eac56a4d9919fc4a4fa5a16131c54041d37e14e3832de8d90c18,162dc4de7c16382ebefc8b612d19e0137eb385e0aa5e6fcb6f54c53a92c1ed3c,refactored,"Copied before extraction/editing; imports, paths, labels and formatting adjusted. Retained definitions: build_component_damage_probabilities, realize_damage_scenarios"
data_processed/final_case_v0_1/hurricane_module/src/fragility.py,src/dc_restoration/hazards/fragility.py,hazards,f6abcc1b9b4c027173a3805177d137a98b6b519008316e3c5794420fe987766a,4d5219c88d38f2c4fd428eb7231b5b98baba3cbfe57ee0e59ec07855c86b9f60,refactored,"Copied before extraction/editing; imports, paths, labels and formatting adjusted. Retained definitions: substation_state_probabilities, sample_substation_states, conductor_failure_probability, pole_failure_probability_for_overhead_edges, classify_edge_component, classify_node_component"
data_processed/final_case_v0_1/hurricane_module/src/geo_utils.py,src/dc_restoration/hazards/geo_utils.py,hazards,c12a7c7ddbac4f940ec28cd12fdf046961b330cedaba39a39a494a0447d1fa4f,c959fd8fbc536ad4e7bb1656ecdc7eb8f44cd63cbca4d3a68fc73ae43b4f7660,refactored,"Copied before extraction/editing; imports, paths, labels and formatting adjusted. Retained definitions: approximate_distance_km, approximate_distance_scalar_km, midpoint_lonlat, centroid_from_frame, bounding_box_from_frame, rowwise_distances_km"
data_processed/final_case_v0_1/hurricane_module/src/hurricane_data.py,src/dc_restoration/hazards/hurricane_data.py,hazards,40b3b567986a7765a9ae849b006e188abebe2d385bcd217e09543dc29332748e,40b3b567986a7765a9ae849b006e188abebe2d385bcd217e09543dc29332748e,copied,"Copied before extraction/editing; imports, paths, labels and formatting adjusted. Retained definitions: saffir_simpson_category_from_kts, load_filtered_hurdat_catalog, storm_level_summary, sample_storms, extract_storm_track"
data_processed/final_case_v0_1/hurricane_module/src/io_utils.py,src/dc_restoration/hazards/io_utils.py,hazards,2ce111abbac6f23c2728c3126245eaefc7c92ccaa8e25df6a5025d3be2a2eb33,f39724f27bba8ad4b0f6de5f7cc4f13fe3a8ddb1874ad6768a8fd153980d950e,refactored,"Copied before extraction/editing; imports, paths, labels and formatting adjusted. Retained definitions: module_root, load_config, ensure_dir, write_markdown, write_json, seed_everything, load_base_network, strip_base_data_centers, apply_dc_overlay, selected_dc_scenario_dirs"
data_processed/final_case_v0_1/hurricane_module/src/outage_state.py,src/dc_restoration/hazards/outage_state.py,hazards,5e62e106119a66b74e93b629491773494278c6c1b1d6cdd8cd5262cd30c43ebd,1da2ffb5f97afc804862a76afbc155aa1a6d4c64cd1dcada5cacf6fa97022fd4,refactored,"Copied before extraction/editing; imports, paths, labels and formatting adjusted. Retained definitions: build_normal_state_graph, source_nodes, apply_damage, compute_source_connected_set, compute_outage_for_scenario, evaluate_all_dc_scenarios"
data_processed/final_case_v0_1/hurricane_module/src/repair_times.py,src/dc_restoration/hazards/repair_times.py,hazards,35ad17ac7f99dd2ad00d522852b1dcfb6058356a0d11bd85699d4aad31fb722b,35ad17ac7f99dd2ad00d522852b1dcfb6058356a0d11bd85699d4aad31fb722b,copied,"Copied before extraction/editing; imports, paths, labels and formatting adjusted. Retained definitions: sample_conductor_repair_times, sample_substation_repair_times"
data_processed/final_case_v0_1/hurricane_module/src/storm_sampling.py,src/dc_restoration/hazards/storm_sampling.py,hazards,a47fd6c2d0073b4f670f9ef5a04c3fd11f8cf5aca617a848c965a385360f55ee,e57af21ec86c2834978d63c3bb816fe1d1ddf1e86b76fea5b826bd5d8c517eef,refactored,"Copied before extraction/editing; imports, paths, labels and formatting adjusted. Retained definitions: load_mainland_polygon, find_first_landfall, intensity_decay_with_distance, compute_rmax_atlantic, extend_track_if_needed, build_sampled_storm_tracks"
data_processed/final_case_v0_1/hurricane_module/src/wind_exposure.py,src/dc_restoration/hazards/wind_exposure.py,hazards,285dbb39b6784ad765a0ab48e5d5239fb22cc8fc7d64f76288b668db6388cc66,9e3783fe4f1f0dc7088ba22881f0f35daf3987faf0a974a09c66077152659c7b,refactored,"Copied before extraction/editing; imports, paths, labels and formatting adjusted. Retained definitions: compute_max_wind_for_points, _node_component_type, _node_damage_eligible, build_node_exposure_table, build_edge_exposure_table"
,src/dc_restoration/installation.py,release/interface/documentation/test,,9b2d18097c241d0ed63a37b86b38bb6e6d4e3e96be3e19c1cf78b10e8c8bb111,new,New target-only packaging file; no archived source copied.
,src/dc_restoration/labels.py,release/interface/documentation/test,,28e822e0fa4b31bce9f122a483e3d639a6ae20f9b789579cbcfb3329ef3b1aa7,new,Normalize archived policy/resource labels for output and ingestion while retaining numerical schema keys.
,src/dc_restoration/paths.py,release/interface/documentation/test,,a6013365bc37391a3fa1a090ec2c8df9d5ef03d55303242776cc2cc78ce42e47,new,New target-only packaging file; no archived source copied.
,src/dc_restoration/plotting/__init__.py,release/interface/documentation/test,,faf4dd318d6ea077e4da60a2551ad0bf86fe91d94f07c4e88ad88e8d720107ae,new,New target-only packaging file; no archived source copied.
,src/dc_restoration/plotting/api.py,release/interface/documentation/test,,b0af3e1164cbebdf1bb359e82230c8c9328d191640d3c2a29f90871b5a31e4b4,new,Read consolidated tables and dispatch independent benefit-cost versions with input validation before drawing.
outputs/intro_dc_hurricane_map_v3_paper_style/scripts/generate_map.py,src/dc_restoration/plotting/intro_map.py,introductory spatial map workflow,8396abf25201f869ca8458d95fca79484df7892c93837f810f3ea729c072e2b4,927690ded1a53284bc6c1abad9b8f6cb2e034f3b7b3d8ca9dab46c13fe4812e5,refactored,"Version-3 source copied before adaptation; original source hash retained. Package imports, explicit configurable paths, offline validation and documentation adapted; scientific calculations and visual specification retained."
data_processed/final_case_v0_1/restoration_env/rl_experiments_v0/scripts_gnn/258_build_v0_3_complete_paper_figure_package.py,src/dc_restoration/plotting/paper.py,plotting,84b205c647f3398924e1539d4d685fa419442a41fb1d39a31fd2c5465895ca1c,a938535ddaa670af7ef5b62f62e88f424393e65a7e5d4cf94530682efee750f2,curated,Copied before curation. Publication refinement: Read both archived and canonical policy labels through the display adapter; use analysis-table paths and current support labels.
scripts_gnn/238_generate_figure01_schematic_revision_v3_centered_legend.py,src/dc_restoration/plotting/schematic.py,plotting,fc04d3c0fb647f4a95a7b0e11aaba2bacb72605cf5d5da421b2bb4ce8ed2f6f0,ab18c439fe5c95ed728297ee4129971a1bd51780bdfe40010bc3499b4e9f56c7,refactored,"Copied before extraction/editing; imports, paths, labels and formatting adjusted. Retained definitions: ensure_dirs, setup_style, read_csv, bool_series, add_panel_label, export_figure, norm_transform, data_bounds_for_region, draw_edges, anchor_zone_ellipse, draw_assets, box_to_global, draw_polyline, draw_module_schematic, make_figure1"
,src/dc_restoration/policies/__init__.py,release/interface/documentation/test,,88d0674c6ee82d2f4be380db0ce398af7c8ae7066bc11fb64f0e652f02e0639f,new,New target-only packaging file; no archived source copied.
data_processed/final_case_v0_1/restoration_env/rl_experiments_v0/src_gnn/v0_3_encoder_ablation_lookahead_ppo_v1.py,src/dc_restoration/policies/encoders.py,policies,2271b09356db313ba0eafdb61b28c76fd11452bf5c5fbac3fd7d31346fc5837c,14ff2f8515bc42085701ed99dfedbc07297c7c3d9f6ff568b927a526b75bc9a5,refactored,"Copied before extraction/editing; imports, paths, labels and formatting adjusted. Retained definitions: SpatialIndex, build_spatial_index, candidate_extra_xy, rasterize_state, MLPScorer, CNNEncoder, EncoderActorCritic"
data_processed/final_case_v0_1/restoration_env/rl_experiments_v0/src_gnn/v0_3_true_gnn_recovery_training_and_rl_ablation_v1.py,src/dc_restoration/policies/graph.py,policies,246227b7d1c7af3fa4a5d022d5913af613f53c5011efd41a53bf590aa330c412,58ecd913b6b735a2b0e618bc09e3338b7c468e0c7d062fab3bd499c3fe92131c,refactored,"Copied before extraction/editing; imports, paths, labels and formatting adjusted. Retained definitions: mlp, EdgeConditionedMessagePassing, TrueGNNActorCritic, V03GraphAdapter, to_torch_batch, save_true_gnn_checkpoint, load_true_gnn_checkpoint, compute_gae_arrays"
,src/dc_restoration/policies/registry.py,release/interface/documentation/test,,60824a3c947813d6b8aef255048aa85d0279f59d4e53e5e9d1fd70cb2f3a402c,new,New target-only packaging file; no archived source copied.
data_processed/final_case_v0_1/restoration_env/rl_experiments_v0/src_gnn/v0_3_harmonized_objective_fair_retraining.py,src/dc_restoration/policies/training.py,policies,4d59f920968f320259c0e79da6f5c54f69dac4ed29dc1d7004ba6af9edd18097,21dbeeba926c635012a702a77080d4c80446433ef7b753b953639a238123de10,curated,"Copied before curation. Publication refinement: Read the explicit fixed-priority mode and update progress labels; preserve learning, screening, rewards and checkpoint compatibility."
,src/dc_restoration/restoration/__init__.py,release/interface/documentation/test,,06dd29688cdf713ba9611af6df606ff69436aa8282f5f75716af601b075ad349,new,New target-only packaging file; no archived source copied.
data_processed/final_case_v0_1/restoration_env/rl_experiments_v0/src_gnn/benchmark_v0_3_baseline_learning_suite_v1.py,src/dc_restoration/restoration/environment.py,restoration,5cd9893adcc9a182081edf199097e5a6c3e93c0e6dc37258c53af4d55f939f4a,4d0c07f59838d21299f7f8a3ed565c4095c8d9bf07e768fe55e16aa9baab598d,curated,Copied before curation. Publication refinement: Expose and validate the existing allocation mode in the constructor; preserve numerical physical accounting.
data_processed/final_case_v0_1/restoration_env/rl_experiments_v0/src_gnn/hard_case_v2_design.py,src/dc_restoration/restoration/simulator.py,restoration,62ddbcff786d918922bb20a686162f5fb8684f287a2d8aee85ad5468eeab8e71,966e8a38cab50374bec270d2aec4d5df7aa16765a2b1a516b2bc7b0c7fb43740,refactored,"Copied before extraction/editing; imports, paths, labels and formatting adjusted. Retained definitions: _write_yaml, _write_text, _safe_bool, _md_table, _haversine_km, _resolve_path, OutageMetrics, RestorationSimulator"
,src/dc_restoration/restoration/validation.py,release/interface/documentation/test,,9acf9dcd5f56e2924eb40f6df69e66e6305b600d431a5555d4ffbf595d3294d3,new,New target-only packaging file; no archived source copied.
,src/dc_restoration/spatial/__init__.py,introductory spatial map workflow,,94979ccd404504da2e7b1e41f06b264a1f1f1c91de6e8c55d7369e0c199f1fb2,new,"New target-only mapping interface, configuration or synthetic offline tests; no research data included."
,src/dc_restoration/spatial/cli.py,introductory spatial map workflow,,7cce1414cb31030d4aa33b3cd4c031dc6558a08d5b1a08aef56a554375b360df,new,"New target-only mapping interface, configuration or synthetic offline tests; no research data included."
,src/dc_restoration/spatial/configuration.py,introductory spatial map workflow,,0091d1ed3ac503bd121c2e0778737f0c5de9edac62cb9ffc6fc234675820d734,new,"New target-only mapping interface, configuration or synthetic offline tests; no research data included."
,src/dc_restoration/spatial/intro_map.yaml,introductory spatial map workflow,,445648cd2274165d5f55a5138582a7e1919a7c675dfac52cdb934c7a85ffca31,new,"New target-only mapping interface, configuration or synthetic offline tests; no research data included."
outputs/intro_dc_hurricane_map_v3_paper_style/scripts/prepare_data.py,src/dc_restoration/spatial/prepare.py,introductory spatial map workflow,481c678820a3c15b747f3a64f8dbbbb85bd12db856c85d304d92b9d50836416f,c7d331f8acee423261c4c3c231c4a16d19567792a234f95622db462c3986dcf9,refactored,"Version-3 source copied before adaptation; original source hash retained. Package imports, explicit configurable paths, offline validation and documentation adapted; scientific calculations and visual specification retained."
outputs/intro_dc_hurricane_map_v3_paper_style/data_raw/source_manifest.json,src/dc_restoration/spatial/source_manifest.json,introductory spatial map workflow,a77a8c29d6c45b303878989472f83b238d5ac7664693b381fb4245dfe41cc189,0f54fbbf105f7a762512767139d08310d3b1141121a24f01565cd0358288d18e,copied,Version-3 source copied before adaptation; original source hash retained. Attribution/provenance metadata only; LF-normalized destination.
outputs/intro_dc_hurricane_map_v3_paper_style/scripts/fetch_sources.py,src/dc_restoration/spatial/sources.py,introductory spatial map workflow,a266636ff095b16d36ddbf82b591d1cd37423056101d4726ed48e9c9414467c9,ad5cb2356ac2999c393fa70aa223fb1e5571432101db6bf6afdd575a5ba6acdb,refactored,"Version-3 source copied before adaptation; original source hash retained. Package imports, explicit configurable paths, offline validation and documentation adapted; scientific calculations and visual specification retained."
,src/dc_restoration/testbed/__init__.py,release/interface/documentation/test,,9adc1f886dafb7d60128ec72bcea4f2ef499ff4fd2b721b561adc2738a66d22e,new,New target-only packaging file; no archived source copied.
scripts/07_aggregate_distribution_graph.py,src/dc_restoration/testbed/aggregate_distribution_graph.py,testbed,b7b1fbb9b007e911bf0d8d3f0923259992444cefbf1060d6fc8c8d3c004b0124,aeaee0d29fdfb3c369f8a103e846f23fbf7d5a9f36add736aa0f697e4b33f832,refactored,"Copied before extraction/editing; imports, paths, labels and formatting adjusted. Retained definitions: json_list, dominant_class, convert_length_to_km, main"
data_processed/final_case_v0_1/restoration_env/rl_experiments_v0/src_gnn/benchmark_hard_case_v0_3_design.py,src/dc_restoration/testbed/benchmark.py,testbed,58cea5a29b08a472fe1ca84c38f6492f391d5137b27aaac3bb536548aabb4469,995a70abd25a497c546a5d09ef53181ef4e1cbf5ab5798e478a1cf262a9d68f1,refactored,"Copied before extraction/editing; imports, paths, labels and formatting adjusted. Retained definitions: _make_dirs, _clean_bus, _load_raw_distribution, convert_smartds_candidate, build_dc_anchor_overlay, write_conversion_outputs, CachedRestorationSimulator, sample_damage_edges, generate_benchmark_scenarios"
scripts/09_build_final_tables.py,src/dc_restoration/testbed/build_final_tables.py,testbed,35ed327f32d690b2dff6bb4ff0b89b5a975bb6416ddb0f49d1d0ae7697073d2f,cc9fae9ab2d316ada6fe2effd0dfac2182e9d31574dde0f06bbfece90bd1e79c,refactored,"Copied before extraction/editing; imports, paths, labels and formatting adjusted. Retained definitions: parse_json_list, make_priority, build_geojson, write_maps, main; repaired missing import of existing dominant_class helper."
scripts/04_download_distribution_subset.py,src/dc_restoration/testbed/download_distribution_subset.py,testbed,3457cd4796cc049d861006175288c38f37ff172806e191f654d7ccd2667ee7f4,d274da6b473986dcd6a3f1657abc42533b891eacacb8b0eb77194069c7077e6a,refactored,"Copied before extraction/editing; imports, paths, labels and formatting adjusted. Retained definitions: download_prefix_objects, scenario_root_path, main"
scripts/06_extract_subnetwork.py,src/dc_restoration/testbed/extract_subnetwork.py,testbed,0449fd7b80591588589d395667d87096afeeace50a79fc11e92840e055c36875,2dc77dce99facd26d3f14faa50322e088e57c48b6bf8a39c3d3aff36a108c7b0,refactored,"Copied before extraction/editing; imports, paths, labels and formatting adjusted. Retained definitions: main"
scripts/05_parse_opendss_distribution.py,src/dc_restoration/testbed/parse_opendss_distribution.py,testbed,a8c69d99eb044734d6d5bc5b574950b4bfae77f71b1cfeaf45a0905cad845f10,0e109bee698072bd4b7cdee2bbfadb8370cbb5a5eb8a5e179f2dcb00124140d5,refactored,"Copied before extraction/editing; imports, paths, labels and formatting adjusted. Retained definitions: scenario_root, gather_file_definitions, build_linecode_lookup, select_bus_feeder, parse_selected_distribution, main"
scripts/02_parse_td_mapping.py,src/dc_restoration/testbed/parse_td_mapping.py,testbed,4fd678119f4aa8e565c7f3107ad7f6f5c46fdf90b5dea00589fab7f10c8c5013,3829bbdab4262217208fe1aef360aa618bb194d6945ef152d9d9d12bc0cb732e,refactored,"Copied before extraction/editing; imports, paths, labels and formatting adjusted. Retained definitions: main"
scripts/01_parse_transmission.py,src/dc_restoration/testbed/parse_transmission.py,testbed,85b2a93248ec054bba47202aa26afc368bcc09c27519983e90cb391e8e71561d,e8309f3da17f14331919169cdfafbd99090b08c05de435889ec62d4139f334b0,refactored,"Copied before extraction/editing; imports, paths, labels and formatting adjusted. Retained definitions: main"
scripts/08_place_data_centers.py,src/dc_restoration/testbed/place_data_centers.py,testbed,b37d837bfd2474c4bc2a220c4a58ebcc308f18227d67c174aa037c4a335c4c91,220850e8547b36b7944764434a59957b67193bac70e54edf85e79ff75c2e7396,refactored,"Copied before extraction/editing; imports, paths, labels and formatting adjusted. Retained definitions: main"
scripts/11_prepare_baseline_case_v0_1.py,src/dc_restoration/testbed/prepare_baseline_case_v0_1.py,testbed,9f5e13c31d0509758d1f42826a876bc45523d0be3074874c9a8c856138a74a87,ec4f2e5fc8c18bc98f18d9013b3fe104d3c32c49ffbd257ab3081437d7a50e09,refactored,"Copied before extraction/editing; imports, paths, labels and formatting adjusted. Retained definitions: parse_json_list, project_equirectangular, unproject_equirectangular, distance_pair_metrics, normalize_bool, centroid_and_bbox, build_member_component_maps, classify_edge_row, build_projected_positions, edge_segments, draw_edge_subset, scatter_subset, style_axis, add_node_labels, select_candidate_nodes, facility_location_for_candidate, make_dc_record, make_overlay_tables, write_overlay_timeseries, plot_clean_network, build_post_pruning_powerflow_report, scenario_smoke_checks, main"
scripts/03_scan_gulf_candidates.py,src/dc_restoration/testbed/scan_gulf_candidates.py,testbed,2bcbcba7d4288960c0296b5f9a463b7ad763edf9c7ce4ef5e100498bf246764c,0f38814e647633e1b1f406e5e2063590fcf268bd3b0930abff59421a1fdc5098,refactored,"Copied before extraction/editing; imports, paths, labels and formatting adjusted. Retained definitions: load_service_area_buscoords, locate_substation_root, score_candidate, scan_service_area, main"
scripts/utils/__init__.py,src/dc_restoration/testbed/utils/__init__.py,testbed,562548c1dcf42035e4342af0dce950c0f57d1ca8f41d190956b181a38fd0d11c,0a7459fde99b8834d4f8fbd7e1a58a0bdd4d43d5844d800d5e852f801068be08,refactored,"Copied before extraction/editing; imports, paths, labels and formatting adjusted. Retained definitions: "
scripts/utils/dss_parse_utils.py,src/dc_restoration/testbed/utils/dss_parse_utils.py,testbed,3a2ed22a926a29795dc94f65aba6bf330f01d929f821b6f6a24a68f952827324,867cdd78016823052e283b591f7d89af119df5696a45268b40ad16e94469dc99,refactored,"Copied before extraction/editing; imports, paths, labels and formatting adjusted. Retained definitions: strip_inline_comment, dss_value, parse_new_element_line, parse_new_elements_from_file, bus_name_from_ref, phases_from_bus_ref, normalize_bool_token, numeric_or_none, infer_feeder_id_from_path, infer_line_installation, infer_customer_class, extract_profile_definitions, ensure_profile_csvs, build_snapshot_master, compile_dss_master, safe_active_bus_data, circuit_voltage_report, write_profile_parquet, read_profile_csv, json_dump"
scripts/utils/geo_utils.py,src/dc_restoration/testbed/utils/geo_utils.py,testbed,4e6c6d2ac744df0808dbb48941f3d3648c861dbd8a588393fa8664eaa65a6133,b7b62da86c89c43b7b8bf90ac4e56a9215b7dbbacb1115503e65b03370cba856,refactored,"Copied before extraction/editing; imports, paths, labels and formatting adjusted. Retained definitions: haversine_km, point_in_bbox, expand_bbox, min_distance_to_coast_km"
scripts/utils/project_utils.py,src/dc_restoration/testbed/utils/project_utils.py,testbed,3a265a7077a662ef05cef6ce0c622874db90180b9e681988788f47e7d5002087,0a5964b380cbb93a823b92c7d15a315f40ef31a0c53ec7d729324cbbfb8ce182,refactored,"Copied before extraction/editing; imports, paths, labels and formatting adjusted. Retained definitions: ProjectPaths, load_config, get_paths, ensure_project_dirs, setup_logging, default_arg_parser, write_json, write_text, write_iteration_summary, copy_config_to_final_case"
scripts/utils/s3_utils.py,src/dc_restoration/testbed/utils/s3_utils.py,testbed,028e838f6b4b51658853ac3cdd5aa224044e7779d2caa90dbc95124022f05bea,623c6a6f652d170731726b26de8dd30bd0826b162c25f46dcee2a664cb4e0646,refactored,"Copied before extraction/editing; imports, paths, labels and formatting adjusted. Retained definitions: _list_request, list_common_prefixes, list_objects, download_s3_object"
scripts/utils/smart_ds_utils.py,src/dc_restoration/testbed/utils/smart_ds_utils.py,testbed,df8e485eab5b2d75b040da389b1fdcdc36b09dabd0cc2c1d1b16c79b165fa51f,a0fe3757e6f4442a70dbefb13bb48191b6bcb2668ceb9fd87c40df611f775387,refactored,"Copied before extraction/editing; imports, paths, labels and formatting adjusted. Retained definitions: SmartDSSubstationRef, service_area_from_substation_id, root_bus_name_from_substation_id, infer_distribution_voltage_from_substation_id, infer_service_area_prefix, list_service_areas, fetch_text_from_s3, fetch_line_count_from_s3, list_substation_feeder_ids, parse_buscoords_text, candidate_root_bus_names, write_text_file"
scripts/utils/time_series_utils.py,src/dc_restoration/testbed/utils/time_series_utils.py,testbed,736b1ac338ee48f34e85a9adb42772880dfd278aabc94c0e7124785e2f8ef3bb,736b1ac338ee48f34e85a9adb42772880dfd278aabc94c0e7124785e2f8ef3bb,copied,"Copied before extraction/editing; imports, paths, labels and formatting adjusted. Retained definitions: build_non_leap_timestamps, representative_day_mask"
,tests/conftest.py,release/interface/documentation/test,,c4248cac08a947574841aa61e812f4615da22eb8932c6a4079de077a4504ad69,new,New target-only packaging file; no archived source copied.
,tests/fixtures/tiny_case/README.md,fixture,,395e0d5459e45900c8360913de6773a8b552576787093df6de9c60d4f7023512,new,New target-only packaging file; no archived source copied.
,tests/fixtures/tiny_case/dc_scenarios/anchor_zones.csv,fixture,,3837b73b1cc3f379b1e040f7d8ef6da365b5badac63cd1dff734f1a28926c203,new,New target-only packaging file; no archived source copied.
,tests/fixtures/tiny_case/network/data_centers.csv,fixture,,a82b236fda0ee5254558cd396ee3d46167ecff5dd24136bec771864b93be9315,new,New target-only packaging file; no archived source copied.
,tests/fixtures/tiny_case/network/edges.csv,fixture,,e9374dd59d55656059a952b8c9a6c5d77c98f4ac0b0c533e1686d635a95b2174,new,New target-only packaging file; no archived source copied.
,tests/fixtures/tiny_case/network/loads.csv,fixture,,b7a4753d99625d63db354f4036c0ac2975d948bda2a4e2c3b8aece91e2f8b9be,new,New target-only packaging file; no archived source copied.
,tests/fixtures/tiny_case/network/nodes.csv,fixture,,0be30488f0843ab519056dbab3b2ead1f56790194f0beb137e2f35b31d438a38,new,New target-only packaging file; no archived source copied.
,tests/fixtures/tiny_case/scenario_design/benchmark_hard_damage_components.csv,fixture,,a359ac25482a1854e741c445af64f5fca85d73c6fb2b586e57014a897e62c1b0,new,New target-only packaging file; no archived source copied.
,tests/fixtures/tiny_case/scenario_design/benchmark_hard_hurricane_scenario_manifest.csv,fixture,,713ef25bdff4e0cb14a26eacc915689f247994cfe7d9ad0a8c68224797696796,new,New target-only packaging file; no archived source copied.
,tests/test_analysis_tables.py,release/interface/documentation/test,,354f217dc16b85a0bef19feeca6b83a7c7baa568818d41a7db602c825e78699f,new,"Exercise invented analysis/BCR/plot schemas, fresh and GA ingestion, duplicates, missing pairs, invalid identities and CLI paths."
,tests/test_anchor_constraints.py,release/interface/documentation/test,,912d745276bc5730ee2c0e5f26ea8d16e55825a5589d60b7d4c0cd14764f6f8d,new,Verify unchanged critical-first/fixed within-class partial allocation and rejection of undefined modes.
,tests/test_benefit_cost.py,release/interface/documentation/test,,138629fe99418bd1cb6fa7fa46eeb94845fdb89551347ea130c86e9012522793,new,"Check climate boundaries, annual non-double-counting, every active assumption, strict configuration/ledger failures and CLI output selection."
,tests/test_benefit_cost_figures.py,release/interface/documentation/test,,188ec324760f1812d2eba430bef3c5424446e656b7cba5dafe2128fe4d4845e6,new,"Draw synthetic figure objects with exports intercepted; verify independent versions, exact names and configured reference captions."
,tests/test_cli.py,release/interface/documentation/test,,cb4663398efb4fdacd751e7eaf50aa771ddb17e6c9d97ab07d0ef8d6c22349b5,new,Cover the eighth help interface and pass actual tiny evaluator outputs through post-processing.
,tests/test_code_integrity.py,release interface regression tests,,2da33ecad5d7314b3f79fe7db0b8d1e03bd3ab834244dcdf6fc6bfef354c95f1,new,New target-only deterministic tests; no research artifact copied.
,tests/test_environment.py,release/interface/documentation/test,,1f63b3a3370da0d099bdbf34233461c18be99e9ef8fda5c969e0465f4603da2b,new,New target-only packaging file; no archived source copied.
,tests/test_interruption_damage.py,release/interface/documentation/test,,07214a8f19f1ae39009279da0a11a8fe32851356b5bb141c197978bf18980a80,new,New target-only packaging file; no archived source copied.
,tests/test_intro_map.py,introductory spatial map workflow,,ebdd30b63fa122c029912cc205f3ffd87818aa7d63db077002a936e79a41e8bb,new,"New target-only mapping interface, configuration or synthetic offline tests; no research data included."
,tests/test_policy_interfaces.py,release/interface/documentation/test,,575305de7d2376d86b47b3ebe4fa9feba92c0b5b5cce6aa98d02ac6a4c33bfc7,new,New target-only packaging file; no archived source copied.
,tests/test_smoke_rollout.py,release/interface/documentation/test,,3c029afb117b6dfbe9fae00349f007b783160e24f0856e647971c8dfed427958,new,New target-only packaging file; no archived source copied.
